product_id,product_title,rating,total_reviews,price,top_reviews
<<<<<<< HEAD
itm7c0281cd247be,"Apple iPhone 16 (White, 128 GB)",4.6,793,"â‚¹74,900","5 Great product Loved it READ MORE Aryan Kumar Certified Buyer , Ranchi 5 months ago 69 8 Permalink Report Abuse || 5 Mind-blowing purchase Super and cool photo READ MORE Flipkart Customer Certified Buyer , Uttara Kannada District 6 months ago 528 109 Permalink Report Abuse"
itm86da1977dcdf1,"Apple iPhone 16 (Black, 256 GB)",4.6,793,"â‚¹84,900","5 Great product Loved it READ MORE Aryan Kumar Certified Buyer , Ranchi 5 months ago 69 8 Permalink Report Abuse || 5 Mind-blowing purchase Super and cool photo READ MORE Flipkart Customer Certified Buyer , Uttara Kannada District 6 months ago 528 109 Permalink Report Abuse"
=======
itmb102b8a51100e,"Apple iPhone 16 Pro Max (Desert Titanium, 256 GB)",4.6,95,"â‚¹1,37,900","5 Excellent iPhone 16 Pro Max | Desert Titanium | So powerful like a mini supercomputer â¤ï¸ READ MORE Saransh Goswami Certified Buyer , Noida 11 months ago 1924 804 Permalink Report Abuse || 5 Terrific purchase Awesome READ MORE Eliyas Khan Certified Buyer , Betul 7 months ago 152 52 Permalink Report Abuse || 5 Best in the market! This is a mini supercomputer. Speed just wow !!! READ MORE SHUBHANKAR KARMAKAR Certified Buyer , North 24 Parganas 10 months ago 1260 544 Permalink Report Abuse"
itm7e75db4f27bd5,"Apple iPhone 16 Pro Max (Black Titanium, 256 GB)",4.6,95,"â‚¹1,37,900","5 Excellent iPhone 16 Pro Max | Desert Titanium | So powerful like a mini supercomputer â¤ï¸ READ MORE Saransh Goswami Certified Buyer , Noida 11 months ago 1924 804 Permalink Report Abuse || 5 Terrific purchase Awesome READ MORE Eliyas Khan Certified Buyer , Betul 7 months ago 152 52 Permalink Report Abuse || 5 Best in the market! This is a mini supercomputer. Speed just wow !!! READ MORE SHUBHANKAR KARMAKAR Certified Buyer , North 24 Parganas 10 months ago 1260 544 Permalink Report Abuse"
itmd7440318746d1,"Apple iPhone 16 Pro Max (Natural Titanium, 512 GB)",4.6,95,"â‚¹1,57,900","5 Excellent iPhone 16 Pro Max | Desert Titanium | So powerful like a mini supercomputer â¤ï¸ READ MORE Saransh Goswami Certified Buyer , Noida 11 months ago 1924 804 Permalink Report Abuse || 5 Terrific purchase Awesome READ MORE Eliyas Khan Certified Buyer , Betul 7 months ago 152 52 Permalink Report Abuse || 5 Best in the market! This is a mini supercomputer. Speed just wow !!! READ MORE SHUBHANKAR KARMAKAR Certified Buyer , North 24 Parganas 10 months ago 1260 544 Permalink Report Abuse"
itm78c52ab1c6488,"Apple iPhone 16 Pro Max (White Titanium, 256 GB)",4.6,95,"â‚¹1,37,900","5 Excellent iPhone 16 Pro Max | Desert Titanium | So powerful like a mini supercomputer â¤ï¸ READ MORE Saransh Goswami Certified Buyer , Noida 11 months ago 1924 804 Permalink Report Abuse || 5 Terrific purchase Awesome READ MORE Eliyas Khan Certified Buyer , Betul 7 months ago 152 52 Permalink Report Abuse || 5 Best in the market! This is a mini supercomputer. Speed just wow !!! READ MORE SHUBHANKAR KARMAKAR Certified Buyer , North 24 Parganas 10 months ago 1260 544 Permalink Report Abuse"
itmff24c14e68d14,"Apple iPhone 13 Pro Max (Silver, 256 GB)",4.6,193,"â‚¹1,39,900","5 Perfect product! This is it, I am in love with my Oh.So.ProðŸ¥°ðŸ˜ READ MORE Nimisha yadav Certified Buyer , Bengaluru Nov, 2021 11643 1284 Permalink Report Abuse || 5 Worth every penny Truly the best pro max. Worth the upgrade..Awesome build quality READ MORE Chandan Hazarika Certified Buyer , North Lakhimpur Feb, 2022 5558 824 Permalink Report Abuse || 5 Fabulous! Best in class READ MORE Sumrendra Singh Certified Buyer , Lucknow Oct, 2021 1925 271 Permalink Report Abuse"
itmdbb23fa63b708,"Apple iPhone 13 Pro Max (Graphite, 1 TB)",4.6,193,"â‚¹1,79,900","5 Perfect product! This is it, I am in love with my Oh.So.ProðŸ¥°ðŸ˜ READ MORE Nimisha yadav Certified Buyer , Bengaluru Nov, 2021 11643 1284 Permalink Report Abuse || 5 Worth every penny Truly the best pro max. Worth the upgrade..Awesome build quality READ MORE Chandan Hazarika Certified Buyer , North Lakhimpur Feb, 2022 5558 824 Permalink Report Abuse || 5 Fabulous! Best in class READ MORE Sumrendra Singh Certified Buyer , Lucknow Oct, 2021 1925 271 Permalink Report Abuse"
itmcb824a3301158,"Apple iPhone 13 Pro Max (Sierra Blue, 256 GB)",4.6,193,"â‚¹1,39,900","5 Perfect product! This is it, I am in love with my Oh.So.ProðŸ¥°ðŸ˜ READ MORE Nimisha yadav Certified Buyer , Bengaluru Nov, 2021 11643 1284 Permalink Report Abuse || 5 Worth every penny Truly the best pro max. Worth the upgrade..Awesome build quality READ MORE Chandan Hazarika Certified Buyer , North Lakhimpur Feb, 2022 5558 824 Permalink Report Abuse || 5 Fabulous! Best in class READ MORE Sumrendra Singh Certified Buyer , Lucknow Oct, 2021 1925 271 Permalink Report Abuse"
itm282cb973542f0,"Apple iPhone 13 Pro Max (Silver, 512 GB)",4.6,193,"â‚¹1,59,900","5 Perfect product! This is it, I am in love with my Oh.So.ProðŸ¥°ðŸ˜ READ MORE Nimisha yadav Certified Buyer , Bengaluru Nov, 2021 11643 1284 Permalink Report Abuse || 5 Worth every penny Truly the best pro max. Worth the upgrade..Awesome build quality READ MORE Chandan Hazarika Certified Buyer , North Lakhimpur Feb, 2022 5558 824 Permalink Report Abuse || 5 Fabulous! Best in class READ MORE Sumrendra Singh Certified Buyer , Lucknow Oct, 2021 1925 271 Permalink Report Abuse"
itmbadc894a42a39,"IQOO NEO9 PRO (Fiery Red, 128 GB)",4.5,47,"â‚¹32,449","5 Mind-blowing purchase Good ausom READ MORE Chetu  Runwal Certified Buyer , Kinwat Mar, 2024 324 92 Permalink Report Abuse || 5 Wonderful Phone is good gaming and all normal use READ MORE Sooraj Appu Certified Buyer , Palakkad District Mar, 2024 291 82 Permalink Report Abuse || 5 Great product Value for money mobile READ MORE Sanjay Haldar Certified Buyer , Noida Mar, 2024 406 120 Permalink Report Abuse"
itmbadc894a42a39,"IQOO Neo9 Pro (Fiery Red, 256 GB)",4.5,47,"â‚¹38,900","5 Mind-blowing purchase Good ausom READ MORE Chetu  Runwal Certified Buyer , Kinwat Mar, 2024 324 92 Permalink Report Abuse || 5 Wonderful Phone is good gaming and all normal use READ MORE Sooraj Appu Certified Buyer , Palakkad District Mar, 2024 291 82 Permalink Report Abuse || 5 Great product Value for money mobile READ MORE Sanjay Haldar Certified Buyer , Noida Mar, 2024 406 120 Permalink Report Abuse"
itmb395142fd7c8b,"IQOO Neo 9 Pro (Fiery Red, 256 GB)",4.5,16,"â‚¹37,490","5 Classy product Vlue for money ðŸ’° READ MORE AKASH R Certified Buyer , Cuddalore Apr, 2024 641 185 Permalink Report Abuse || 5 Brilliant Good READ MORE Sreenu  Vakada Certified Buyer , East Godavari District Apr, 2024 230 67 Permalink Report Abuse || 5 Great product Beast pho READ MORE Mukesh Chohan Certified Buyer , New Delhi Aug, 2024 81 23 Permalink Report Abuse"
itmb395142fd7c8b,"IQOO Neo 9 Pro (Conqueror Black, 256 GB)",4.5,16,"â‚¹38,989","5 Classy product Vlue for money ðŸ’° READ MORE AKASH R Certified Buyer , Cuddalore Apr, 2024 641 185 Permalink Report Abuse || 5 Brilliant Good READ MORE Sreenu  Vakada Certified Buyer , East Godavari District Apr, 2024 230 67 Permalink Report Abuse || 5 Great product Beast pho READ MORE Mukesh Chohan Certified Buyer , New Delhi Aug, 2024 81 23 Permalink Report Abuse"
>>>>>>> prof/main
